Class,Strand,Sub-Strand,Content Standard Code,Content Standard Description,Indicator Code,Indicator Description
Basic 4,1: Introduction to Computing,1: Generation of Computers and Parts of a Computer and Other Gadgets,B4.1.1.1,Identify parts of a computer and technology tools,B4.1.1.1.1,Identify parts of a computer and technology tools
Basic 4,1: Introduction to Computing,1: Generation of Computers and Parts of a Computer and Other Gadgets,B4.1.1.1,Identify parts of a computer and technology tools,B4.1.1.1.2,Describe the types of input devices of a computer and their uses
Basic 4,1: Introduction to Computing,1: Generation of Computers and Parts of a Computer and Other Gadgets,B4.1.1.1,Identify parts of a computer and technology tools,B4.1.1.1.3,Differentiate between RAM and ROM
Basic 4,1: Introduction to Computing,1: Generation of Computers and Parts of a Computer and Other Gadgets,B4.1.1.1,Identify parts of a computer and technology tools,B4.1.1.1.4,Type short phrases
Basic 4,1: Introduction to Computing,1: Generation of Computers and Parts of a Computer and Other Gadgets,B4.1.1.1,Identify parts of a computer and technology tools,B4.1.1.1.5,Summarise the first generation of computers
Basic 4,1: Introduction to Computing,2: Introduction to MS-Windows Interface,B4.1.2.1,Demonstrate the use of the Desktop Background as well as working with folders,B4.1.2.1.1,Describe the desktop background and explain its features
Basic 4,1: Introduction to Computing,2: Introduction to MS-Windows Interface,B4.1.2.1,Demonstrate the use of the Desktop Background as well as working with folders,B4.1.2.1.2,Demonstrate how to Personalise the Desktop Background
Basic 4,1: Introduction to Computing,2: Introduction to MS-Windows Interface,B4.1.2.1,Demonstrate the use of the Desktop Background as well as working with folders,B4.1.2.1.3,Demonstrate the use of the Sections of the Taskbar
Basic 4,1: Introduction to Computing,2: Introduction to MS-Windows Interface,B4.1.2.1,Demonstrate the use of the Desktop Background as well as working with folders,B4.1.2.1.4,Adding and removing icons from the desktop
Basic 4,1: Introduction to Computing,2: Introduction to MS-Windows Interface,B4.1.2.1,Demonstrate the use of the Desktop Background as well as working with folders,B4.1.2.1.5,"Moving, selecting and hiding multiple icons on the desktop"
Basic 4,1: Introduction to Computing,2: Introduction to MS-Windows Interface,B4.1.2.1,Demonstrate the use of the Desktop Background as well as working with folders,B4.1.2.1.6,"Creating, naming and renaming a folder"
Basic 4,1: Introduction to Computing,3: Data Sources and Usage,B4.1.3.1,Identify Data and collect data from different sources,B4.1.3.1.1,Use strategies for identifying data in conversation and newspapers
Basic 4,1: Introduction to Computing,3: Data Sources and Usage,B4.1.3.1,Identify Data and collect data from different sources,B4.1.3.1.2,Use strategies for classifying data into information
Basic 4,1: Introduction to Computing,3: Data Sources and Usage,B4.1.3.1,Identify Data and collect data from different sources,B4.1.3.1.3,Identify primary sources of information
Basic 4,1: Introduction to Computing,3: Data Sources and Usage,B4.1.3.1,Identify Data and collect data from different sources,B4.1.3.1.4,Demonstrate Sending and sharing information to and from other gadgets
Basic 4,1: Introduction to Computing,3: Data Sources and Usage,B4.1.3.1,Identify Data and collect data from different sources,B4.1.3.1.5,Demonstrate basic calculations on sample data
Basic 4,1: Introduction to Computing,3: Data Sources and Usage,B4.1.3.2,Demonstrate data collection using Data collection tools,B4.1.3.2.1,Identify the steps and issues involved in data collection
Basic 4,1: Introduction to Computing,3: Data Sources and Usage,B4.1.3.2,Demonstrate data collection using Data collection tools,B4.1.3.2.2,Describe various tools or techniques of data collection
Basic 4,1: Introduction to Computing,3: Data Sources and Usage,B4.1.3.2,Demonstrate data collection using Data collection tools,B4.1.3.2.3,Draw or sketch maps of the area to be surveyed
Basic 4,1: Introduction to Computing,4: Technology in the Community (Communication),B4.1.4.1,Demonstrate the use of technology in the community,B4.1.4.1.1,"Describe how digital systems are used and could be used at home, in school and the local community"
Basic 4,1: Introduction to Computing,4: Technology in the Community (Communication),B4.1.4.1,Demonstrate the use of technology in the community,B4.1.4.1.2,Identify and list common examples of energy-efficient gadgets and techniques
Basic 4,1: Introduction to Computing,4: Technology in the Community (Communication),B4.1.4.1,Demonstrate the use of technology in the community,B4.1.4.1.3,Describe how a range of digital systems and their peripheral devices can be used for different purposes
Basic 4,1: Introduction to Computing,4: Technology in the Community (Communication),B4.1.4.1,Demonstrate the use of technology in the community,B4.1.4.1.4,Identify technological changes in the community
Basic 4,2: Presentation,1: Introduction to MS-PowerPoint,B4.2.1.1,Demonstrate the use of MS-PowerPoint,B4.2.1.1.1,"Demonstrate the use of clipboard, slides, fonts, paragraph and editing"
Basic 4,2: Presentation,1: Introduction to MS-PowerPoint,B4.2.1.1,Demonstrate the use of MS-PowerPoint,B4.2.1.1.2,"Show a 3-slide presentation using clipboard, slides, fonts, paragraph and editing"
Basic 4,3: Word Processing,1: Introduction to Word Processing,B4.3.1.1,Demonstrate understanding of the use of word processing application,B4.3.1.1.1,"Demonstrate how to use the clipboard, styles, fonts, paragraph and editing"
Basic 4,3: Word Processing,1: Introduction to Word Processing,B4.3.1.1,Demonstrate understanding of the use of word processing application,B4.3.1.1.2,"Illustrate the use of the clip board, styles, fonts, paragraph and editing"
Basic 5,1: Introduction to Computing,1: Generation of Computers and Parts of a Computer and Other Gadgets,B5.1.1.1,Identify parts of a computer and technology tools,B5.1.1.1.1,Recognise and use output devices
Basic 5,1: Introduction to Computing,1: Generation of Computers and Parts of a Computer and Other Gadgets,B5.1.1.1,Identify parts of a computer and technology tools,B5.1.1.1.2,Describe the types of output device and identify their uses
Basic 5,1: Introduction to Computing,1: Generation of Computers and Parts of a Computer and Other Gadgets,B5.1.1.1,Identify parts of a computer and technology tools,B5.1.1.1.3,Distinguish the difference and similarities between analogue and digital devices
Basic 5,1: Introduction to Computing,1: Generation of Computers and Parts of a Computer and Other Gadgets,B5.1.1.1,Identify parts of a computer and technology tools,B5.1.1.1.4,"Identify the left, right mouse button, holding of mouse, performing single, double and triple clicking and dragging object"
Basic 5,1: Introduction to Computing,1: Generation of Computers and Parts of a Computer and Other Gadgets,B5.1.1.1,Identify parts of a computer and technology tools,B5.1.1.1.5,"Identify home row keys, top row, bottom row keys, numerical pad and type (short sentences)"
Basic 5,1: Introduction to Computing,1: Generation of Computers and Parts of a Computer and Other Gadgets,B5.1.1.1,Identify parts of a computer and technology tools,B5.1.1.1.6,Introduction to Windows Interface
Basic 5,1: Introduction to Computing,1: Generation of Computers and Parts of a Computer and Other Gadgets,B5.1.1.1,Identify parts of a computer and technology tools,B5.1.1.1.7,Summarise the generation of computers
Basic 5,1: Introduction to Computing,2: Introduction to MS-Windows Interface,B5.1.2.1,Demonstrate the use of the Desktop Background as well as working with folders,B5.1.2.1.1,Personalise the Desktop Background and edit its images
Basic 5,1: Introduction to Computing,2: Introduction to MS-Windows Interface,B5.1.2.1,Demonstrate the use of the Desktop Background as well as working with folders,B5.1.2.1.2,Recognise how to customise the Desktop Background
Basic 5,1: Introduction to Computing,2: Introduction to MS-Windows Interface,B5.1.2.1,Demonstrate the use of the Desktop Background as well as working with folders,B5.1.2.1.3,Describe how to Personalise the Desktop Background using advance tools and settings
Basic 5,1: Introduction to Computing,2: Introduction to MS-Windows Interface,B5.1.2.1,Demonstrate the use of the Desktop Background as well as working with folders,B5.1.2.1.4,"Creating a short cut, adding or removing common icons on the desktop"
Basic 5,1: Introduction to Computing,2: Introduction to MS-Windows Interface,B5.1.2.1,Demonstrate the use of the Desktop Background as well as working with folders,B5.1.2.1.5,Moving, copying and pasting a file or icon into and from a folder on the desktop
Basic 5,1: Introduction to Computing,2: Introduction to MS-Windows Interface,B5.1.2.1,Demonstrate the use of the Desktop Background as well as working with folders,B5.1.2.1.6,Demonstrate understanding of the File Explorer window and locations of the computer
Basic 5,1: Introduction to Computing,3: Data Sources and Usage,B5.1.3.1,Illustrate the use of Data and identify their sources,B5.1.3.1.1,Use Strategies for identifying data from results of an experiment
Basic 5,1: Introduction to Computing,3: Data Sources and Usage,B5.1.3.1,Illustrate the use of Data and identify their sources,B5.1.3.1.2,Identify primary sources of information
Basic 5,1: Introduction to Computing,3: Data Sources and Usage,B5.1.3.1,Illustrate the use of Data and identify their sources,B5.1.3.1.3,Identify secondary sources of information
Basic 5,1: Introduction to Computing,3: Data Sources and Usage,B5.1.3.1,Illustrate the use of Data and identify their sources,B5.1.3.1.4,Demonstrate sending and sharing information
Basic 5,1: Introduction to Computing,3: Data Sources and Usage,B5.1.3.1,Illustrate the use of Data and identify their sources,B5.1.3.1.5,Demonstrate basic calculations on sample data
Basic 5,1: Introduction to Computing,3: Data Sources and Usage,B5.1.3.1,Illustrate the use of Data and identify their sources,B5.1.3.1.6,"Recognise data types (integer, double, float)"
Basic 5,1: Introduction to Computing,3: Data Sources and Usage,B5.1.3.1,Illustrate the use of Data and identify their sources,B5.1.3.1.7,Demonstrate sending and sharing information
Basic 5,1: Introduction to Computing,3: Data Sources and Usage,B5.1.3.1,Illustrate the use of Data and identify their sources,B5.1.3.1.8,Select the samples and collect data
Basic 5,1: Introduction to Computing,3: Data Sources and Usage,B5.1.3.1,Illustrate the use of Data and identify their sources,B5.1.3.1.9,Make simple tables and diagrams from the collected data
Basic 5,1: Introduction to Computing,3: Data Sources and Usage,B5.1.3.1,Illustrate the use of Data and identify their sources,B5.1.3.1.10,"Analyse tables, maps, diagrams, photographs and charts, and generalize the results and make suggestions"
Basic 5,1: Introduction to Computing,4: Technology in the Community (Communication),B5.1.4.1,Demonstrate the use of Technology in the community,B5.1.4.1.1,List the effects of technology on the community
Basic 5,1: Introduction to Computing,4: Technology in the Community (Communication),B5.1.4.1,Demonstrate the use of Technology in the community,B5.1.4.1.2,Explain the fundamentals of digital system components
Basic 5,1: Introduction to Computing,4: Technology in the Community (Communication),B5.1.4.1,Demonstrate the use of Technology in the community,B5.1.4.1.3,Discuss how technology is used to save lives in community and how they are used
Basic 5,1: Introduction to Computing,4: Technology in the Community (Communication),B5.1.4.1,Demonstrate the use of Technology in the community,B5.1.4.1.4,Discuss the effects of technology on the community
Basic 5,2: Presentation,1: Introduction to MS-PowerPoint,B5.2.1.1,Demonstrate how to use Microsoft PowerPoint,B5.2.1.1.1,"Show the use of Insert, design, animation and transition in the ribbons section"
Basic 5,2: Presentation,1: Introduction to MS-PowerPoint,B5.2.1.1,Demonstrate how to use Microsoft PowerPoint,B5.2.1.1.2,"Show a 5-slide presentation using of Insert, design, animation and transition of the ribbons studied"
Basic 5,3: Word Processing,1: Introduction to Word Processing,B5.3.1.1,Illustrate the use of word processing,B5.3.1.1.1,"Demonstrate the use of Insert, Design, and Layout"
Basic 5,3: Word Processing,1: Introduction to Word Processing,B5.3.1.1,Illustrate the use of word processing,B5.3.1.1.2,"Illustrate the use Insert, Design and Layout"
Basic 5,5: Programming and Databases,1: Introduction to Databases Algorithm and Programming,B5.5.1.3,Demonstrate how to use Databases,B5.5.1.3.1,Describe databases
Basic 5,5: Programming and Databases,1: Introduction to Databases Algorithm and Programming,B5.5.1.3,Demonstrate how to use Databases,B5.5.1.3.2,Discuss the importance and uses of database
Basic 5,5: Programming and Databases,1: Introduction to Databases Algorithm and Programming,B5.5.1.3,Demonstrate how to use Databases,B5.5.1.3.3,Describe the types of database
Basic 5,5: Programming and Databases,1: Introduction to Databases Algorithm and Programming,B5.5.1.3,Demonstrate how to use Databases,B5.5.1.3.4,Identify types of databases and data
Basic 5,5: Programming and Databases,1: Introduction to Databases Algorithm and Programming,B5.5.1.3,Demonstrate how to use Databases,B5.5.1.3.5,Explain fundamental database concepts
Basic 5,5: Programming and Databases,1: Introduction to Databases Algorithm and Programming,B5.5.1.3,Demonstrate how to use Databases,B5.5.1.3.6,Discuss programming languages and their use
Basic 5,5: Programming and Databases,2: Introduction to Electronic Spreadsheet,B5.5.1.2,Demonstrate how to use Electronic Spreadsheet,B5.5.1.2.1,Identify Electronic Spreadsheets and their uses
Basic 5,5: Programming and Databases,2: Introduction to Electronic Spreadsheet,B5.5.1.2,Demonstrate how to use Electronic Spreadsheet,B5.5.1.2.2,Learners discuss the importance of Electronic Spreadsheets
Basic 5,5: Programming and Databases,2: Introduction to Electronic Spreadsheet,B5.5.1.2,Demonstrate how to use Electronic Spreadsheet,B5.5.1.2.3,Learners get familiar with the interface of MS-Excel
Basic 5,6: Internet and Social Media,1: Network Overview,B5.6.1.1,Demonstrate how to Network computers,B5.6.1.1.1,Explain what a network is
Basic 5,6: Internet and Social Media,1: Network Overview,B5.6.1.1,Demonstrate how to Network computers,B5.6.1.1.2,Describe how the internet works
Basic 5,6: Internet and Social Media,1: Network Overview,B5.6.1.1,Demonstrate how to Network computers,B5.6.1.1.3,Explain what the Internet is
Basic 5,6: Internet and Social Media,2: Web Browsers and Web Pages,B5.6.2.1,Demonstrate how to use Web Pages,B5.6.2.1.1,Explain what a web browser is and its use
Basic 5,6: Internet and Social Media,2: Web Browsers and Web Pages,B5.6.2.1,Demonstrate how to use Web Pages,B5.6.2.1.2,Identify web browsers
Basic 5,6: Internet and Social Media,2: Web Browsers and Web Pages,B5.6.2.1,Demonstrate how to use Web Pages,B5.6.2.1.3,Demonstrate the use of MS-Internet Explorer
Basic 5,6: Internet and Social Media,2: Web Browsers and Web Pages,B5.6.2.1,Demonstrate how to use Web Pages,B5.6.2.1.4,Show how to create and remove a favorites link
Basic 5,6: Internet and Social Media,2: Web Browsers and Web Pages,B5.6.2.1,Demonstrate how to use Web Pages,B5.6.2.1.5,Create favorites folder
Basic 5,6: Internet and Social Media,2: Web Browsers and Web Pages,B5.6.2.1,Demonstrate how to use Web Pages,B5.6.2.1.6,Use the links toolbar
Basic 5,6: Internet and Social Media,2: Web Browsers and Web Pages,B5.6.2.1,Demonstrate how to use Web Pages,B5.6.2.1.7,Explain what a Web Page is
Basic 5,6: Internet and Social Media,2: Web Browsers and Web Pages,B5.6.2.1,Demonstrate how to use Web Pages,B5.6.2.1.8,Explain what a home page is
Basic 5,6: Internet and Social Media,2: Web Browsers and Web Pages,B5.6.2.1,Demonstrate how to use Web Pages,B5.6.2.1.9,Movement within and between web pages using hyperlinks
Basic 5,6: Internet and Social Media,3: Surfing the World Wide Web,B5.6.3.1,Demonstrate how to use Favorite places,B5.6.3.1.1,Show how to create a favorite link
Basic 5,6: Internet and Social Media,3: Surfing the World Wide Web,B5.6.3.1,Demonstrate how to use Favorite places,B5.6.3.1.2,Demonstrate deleting favorite links
Basic 5,6: Internet and Social Media,3: Surfing the World Wide Web,B5.6.3.1,Demonstrate how to use Favorite places,B5.6.3.1.3,Create favorite folder
Basic 5,6: Internet and Social Media,3: Surfing the World Wide Web,B5.6.3.1,Demonstrate how to use Favorite places,B5.6.3.1.4,Use the links toolbar
Basic 5,6: Internet and Social Media,4: Favourite Places and Search Engine,B5.6.4.1,Demonstrate how to use Search Engines,B5.6.4.1.1,Identify common search engines
Basic 5,6: Internet and Social Media,4: Favourite Places and Search Engine,B5.6.4.1,Demonstrate how to use Search Engines,B5.6.4.1.2,Explore how smart search engines work
Basic 5,6: Internet and Social Media,4: Favourite Places and Search Engine,B5.6.4.1,Demonstrate how to use Search Engines,B5.6.4.1.3,Demonstrate how to handle search results
Basic 5,6: Internet and Social Media,5: Using Online Forms,B5.6.5.1,Demonstrate the Usage of Forms,B5.6.5.1.1,Identify and describe forms in a web page
Basic 5,6: Internet and Social Media,5: Using Online Forms,B5.6.5.1,Demonstrate the Usage of Forms,B5.6.5.1.2,Demonstrate working on or offline
Basic 5,6: Internet and Social Media,5: Using Online Forms,B5.6.5.1,Demonstrate the Usage of Forms,B5.6.5.1.3,Demonstrate downloading of files
Basic 5,6: Internet and Social Media,6: Customizing Your Browser,B5.6.6.1,Show how to Customize a Browser,B5.6.6.1.1,Demonstrate how to set default search engines
Basic 5,6: Internet and Social Media,6: Customizing Your Browser,B5.6.6.1,Show how to Customize a Browser,B5.6.6.1.2,Show how to set homepages
Basic 5,6: Internet and Social Media,6: Customizing Your Browser,B5.6.6.1,Show how to Customize a Browser,B5.6.6.1.3,"Show how to make Browser apps, add-ons, plug-ins, and extensions"
Basic 5,6: Internet and Social Media,6: Customizing Your Browser,B5.6.6.1,Show how to Customize a Browser,B5.6.6.1.4,Illustrate how to customise the browser toolbar
Basic 5,6: Internet and Social Media,6: Customizing Your Browser,B5.6.6.1,Show how to Customize a Browser,B5.6.6.1.5,Identify cookies in web browsers
Basic 5,6: Internet and Social Media,6: Customizing Your Browser,B5.6.6.1,Show how to Customize a Browser,B5.6.6.1.6,Illustrate how to set disk space or cache usage
Basic 5,6: Internet and Social Media,7: Electronic Email,B5.6.7.1,Demonstrate the use of Electronic Mail,B5.6.7.1.1,Identify the various e-mail service providers
Basic 5,6: Internet and Social Media,7: Electronic Email,B5.6.7.1,Demonstrate the use of Electronic Mail,B5.6.7.1.2,Demonstrate the use of Internet e-mail addresses
Basic 5,6: Internet and Social Media,7: Electronic Email,B5.6.7.1,Demonstrate the use of Electronic Mail,B5.6.7.1.3,Creating an email account
Basic 5,6: Internet and Social Media,7: Electronic Email,B5.6.7.1,Demonstrate the use of Electronic Mail,B5.6.7.1.4,Illustrate viewing received messages and Create or Compose messages
Basic 5,6: Internet and Social Media,8: Internet of Things (IoT),B5.6.8.1,Demonstrate the use of Internet of Things (IoT),B5.6.8.1.1,Describe the purpose Internet of Things
Basic 5,6: Internet and Social Media,8: Internet of Things (IoT),B5.6.8.1,Demonstrate the use of Internet of Things (IoT),B5.6.8.1.2,Give examples of Internet of Things with a consumer part and an industrial/business segment
Basic 5,6: Internet and Social Media,8: Internet of Things (IoT),B5.6.8.1,Demonstrate the use of Internet of Things (IoT),B5.6.8.1.3,Identify components of Internet of Things
Basic 5,6: Internet and Social Media,8: Internet of Things (IoT),B5.6.8.1,Demonstrate the use of Internet of Things (IoT),B5.6.8.1.4,Identify the role of smart sensors in the Internet of Things
Basic 5,6: Internet and Social Media,9: Digital Literacy,B5.6.4.9.1,Demonstrate proficiency in Digital Literacy,B5.6.4.9.1.1,Describe private and personal information
Basic 5,6: Internet and Social Media,9: Digital Literacy,B5.6.4.9.1,Demonstrate proficiency in Digital Literacy,B5.6.4.9.1.2,Discuss various techniques on online protection from online identity theft
Basic 5,6: Internet and Social Media,10: Network Etiquette,B5.6.10.1,Demonstrated the application of Network Etiquette (Netiquette),B5.6.10.1.1,Define digital footprint
Basic 5,6: Internet and Social Media,10: Network Etiquette,B5.6.10.1,Demonstrated the application of Network Etiquette (Netiquette),B5.6.10.1.2,Illustrate how to keep some information from public when using the internet
Basic 5,7: Health and Safety in Using ICT Tools,1: Health and Safety in Using ICT Tools,B5.7.1.1,Demonstrate the application of Health and safety measures in using ICT tools,B5.7.1.1.1,Identify some major health hazards associated with the use of ICT tools' use
Basic 5,7: Health and Safety in Using ICT Tools,1: Health and Safety in Using ICT Tools,B5.7.1.1,Demonstrate the application of Health and safety measures in using ICT tools,B5.7.1.1.2,Describe proper sitting posture
Basic 6,1: Introduction to Computing,1: Generation of Computers and Parts of a Computer and Other Gadgets,B6.1.1.1,"Identify parts of a computer, technology tools and history of computers",B6.1.1.1.1,Learn about the Generation of Computers
Basic 6,1: Introduction to Computing,1: Generation of Computers and Parts of a Computer and Other Gadgets,B6.1.1.1,"Identify parts of a computer, technology tools and history of computers",B6.1.1.1.2,"Identify components of a Computer System: Hardware, Software and Liveware"
Basic 6,1: Introduction to Computing,1: Generation of Computers and Parts of a Computer and Other Gadgets,B6.1.1.1,"Identify parts of a computer, technology tools and history of computers",B6.1.1.1.3,"Identify the left, right mouse button, holding of mouse, performing single, double and triple clicking, dragging object and using the scroll wheel"
Basic 6,1: Introduction to Computing,1: Generation of Computers and Parts of a Computer and Other Gadgets,B6.1.1.1,"Identify parts of a computer, technology tools and history of computers",B6.1.1.1.4,Demonstrate proper use of keyboarding technique
Basic 6,1: Introduction to Computing,1: Generation of Computers and Parts of a Computer and Other Gadgets,B6.1.1.1,"Identify parts of a computer, technology tools and history of computers",B6.1.1.1.5,Summarise the generation of computers (second generation of computers)
Basic 6,1: Introduction to Computing,2: Introduction to MS-Windows Interface,B6.1.2.1,Demonstrate the use of the Desktop Background as well as working with folders,B6.1.2.1.1,"Explore the use of the desktop Background, changing the themes colours and User account"
Basic 6,1: Introduction to Computing,2: Introduction to MS-Windows Interface,B6.1.2.1,Demonstrate the use of the Desktop Background as well as working with folders,B6.1.2.1.2,Demonstrate the use of the Recycle Bin or Trash Can
Basic 6,1: Introduction to Computing,2: Introduction to MS-Windows Interface,B6.1.2.1,Demonstrate the use of the Desktop Background as well as working with folders,B6.1.1.1.3,Perform permanent delete or Empty Trash can and restoring files or icons in the recycle bin
Basic 6,1: Introduction to Computing,2: Introduction to MS-Windows Interface,B6.1.2.1,Demonstrate the use of the Desktop Background as well as working with folders,B6.1.2.1.4,"Explore the use of Copy, Paste, Delete tools, the moving of folders by using the Desktop Pop-Up menu"
Basic 6,1: Introduction to Computing,2: Introduction to MS-Windows Interface,B6.1.2.1,Demonstrate the use of the Desktop Background as well as working with folders,B6.1.2.1.5,Illustrate the use of File Explorer window and locations of the computer through the file explorer
Basic 6,1: Introduction to Computing,2: Introduction to MS-Windows Interface,B6.1.2.1,Demonstrate the use of the Desktop Background as well as working with folders,B6.1.2.1.6,"Locate the hard drives, and other removable storage icons in the File explorer"
Basic 6,1: Introduction to Computing,2: Introduction to MS-Windows Interface,B6.1.2.1,Demonstrate the use of the Desktop Background as well as working with folders,B6.1.2.1.7,"Use the File Explorer Ribbon (Home Ribbon only), that is, the use of the Clipboard and Organise tools of the Home Ribbon of the File Explorer, as well as the Open New Window and Close tools of the File Menu of the File Explorer"
Basic 6,1: Introduction to Computing,2: Introduction to MS-Windows Interface,B6.1.2.1,Demonstrate the use of the Desktop Background as well as working with folders,B6.1.2.1.8,Demonstrate the use of the navigation Pane of the File Explorer to access different locations of the computer from the navigation pane
Basic 6,1: Introduction to Computing,2: Introduction to MS-Windows Interface,B6.1.2.1,Demonstrate the use of the Desktop Background as well as working with folders,B6.1.2.1.9,Demonstrate the use of Frequent Folders Section of the File Explorer to access frequently used locations of the computer
Basic 6,1: Introduction to Computing,2: Introduction to MS-Windows Interface,B6.1.2.1,Demonstrate the use of the Desktop Background as well as working with folders,B6.1.2.1.10,Demonstrate the use of Recent Files Section of the File Explorer to access frequently used files of the computer
Basic 6,1: Introduction to Computing,3: Data Sources and Usage,B6.1.3.1,Demonstrate the use of Data and identify sources of data,B6.1.3.1.1,Identify types of data
Basic 6,1: Introduction to Computing,3: Data Sources and Usage,B6.1.3.1,Demonstrate the use of Data and identify sources of data,B6.1.3.1.2,Identify more sources of data and information
Basic 6,1: Introduction to Computing,3: Data Sources and Usage,B6.1.3.1,Demonstrate the use of Data and identify sources of data,B6.1.3.1.3,Demonstrate sending and receiving information from other gadgets
Basic 6,1: Introduction to Computing,3: Data Sources and Usage,B6.1.3.1,Demonstrate the use of Data and identify sources of data,B6.1.3.1.4,Demonstrate basic manipulations on sample data
Basic 6,1: Introduction to Computing,3: Data Sources and Usage,B6.1.3.1,Demonstrate the use of Data and identify sources of data,B6.1.3.1.5,Demonstrate how to manage users of the Desktop
Basic 6,1: Introduction to Computing,3: Data Sources and Usage,B6.1.3.1,Demonstrate the use of Data and identify sources of data,B6.1.3.1.6,Demonstrate how to collect data
Basic 6,1: Introduction to Computing,3: Data Sources and Usage,B6.1.3.1,Demonstrate the use of Data and identify sources of data,B6.1.3.1.7,Demonstrate the use of the tools for collecting data
Basic 6,1: Introduction to Computing,3: Data Sources and Usage,B6.1.3.1,Demonstrate the use of Data and identify sources of data,B6.1.3.1.8,Demonstrate data interpretation by computing data to gain required information
Basic 6,1: Introduction to Computing,3: Data Sources and Usage,B6.1.3.1,Demonstrate the use of Data and identify sources of data,B6.1.3.1.9,Demonstrate data presentation in different forms
Basic 6,1: Introduction to Computing,3: Data Sources and Usage,B6.1.3.1,Demonstrate the use of Data and identify sources of data,B6.1.3.1.10,Demonstrate how to store data
Basic 6,1: Introduction to Computing,3: Data Sources and Usage,B6.1.3.1,Demonstrate the use of Data and identify sources of data,B6.1.3.1.11,Manipulate data to gain required output
Basic 6,1: Introduction to Computing,4: Technology in the Community,B6.1.4.1,Demonstrate the use of Technology in the community,B6.1.4.1.1,Define communication
Basic 6,1: Introduction to Computing,4: Technology in the Community,B6.1.4.1,Demonstrate the use of Technology in the community,B6.1.4.1.2,Identify three more technological tools for communication in the community
Basic 6,1: Introduction to Computing,4: Technology in the Community,B6.1.4.1,Demonstrate the use of Technology in the community,B6.1.4.1.3,Demonstrate communication with others
Basic 6,1: Introduction to Computing,4: Technology in the Community,B6.1.4.1,Demonstrate the use of Technology in the community,B6.1.4.1.4,Identify three more importance of technology in communication
Basic 6,2: Presentation,1: Introduction to MS-PowerPoint,B6.2.1.1,Demonstrate how to use Microsoft PowerPoint,B6.2.1.1.1,"Demonstrate how to use the File menu, the Insert and Design Ribbon from B5"
Basic 6,2: Presentation,1: Introduction to MS-PowerPoint,B6.2.1.1,Demonstrate how to use Microsoft PowerPoint,B6.2.1.1.2,Demonstrate how to use icons in the Text group in the Insert Ribbon
Basic 6,2: Presentation,1: Introduction to MS-PowerPoint,B6.2.1.1,Demonstrate how to use Microsoft PowerPoint,B6.2.1.1.3,Be able to give a 5-side presentation in MS-PowerPoint using the tools of the ribbons studied
Basic 6,3: Word Processing,1: Introduction to MS-PowerPoint,B6.3.1.1,Illustrate the use of word processing application,B6.3.1.1.1,"Demonstrate how to use the File menu and Insert, Design, and Layout Ribbons from B5"
Basic 6,3: Word Processing,1: Introduction to MS-PowerPoint,B6.3.1.1,Illustrate the use of word processing application,B6.3.1.1.2,Demonstrate how to use icons in the Text group in the Insert Ribbon
Basic 6,3: Word Processing,1: Introduction to MS-PowerPoint,B6.3.1.1,Illustrate the use of word processing application,B6.3.1.1.3,Be able to use the attributes of the ribbons studied in a paragraph
Basic 6,5: Programming and Databases,1: Introduction to Databases Algorithm and Programming,B6.5.1.1,Demonstrate how to manipulate data in Databases,B6.5.1.1.1,Describe Databases
Basic 6,5: Programming and Databases,1: Introduction to Databases Algorithm and Programming,B6.5.1.1,Demonstrate how to manipulate data in Databases,B6.5.1.1.2,Identify databases and data structures
Basic 6,5: Programming and Databases,1: Introduction to Databases Algorithm and Programming,B6.5.1.1,Demonstrate how to manipulate data in Databases,B6.5.1.1.3,Explain Fundamental Database concepts
Basic 6,5: Programming and Databases,1: Introduction to Databases Algorithm and Programming,B6.5.1.1,Demonstrate how to manipulate data in Databases,B6.5.1.1.5,Describe the basics of Relational Data model
Basic 6,5: Programming and Databases,1: Introduction to Databases Algorithm and Programming,B6.5.1.1,Demonstrate how to manipulate data in Databases,B6.5.1.1.6,Identify the basics of logical Database Design
Basic 6,5: Programming and Databases,1: Introduction to Databases Algorithm and Programming,B6.5.1.1,Demonstrate how to manipulate data in Databases,B6.5.1.1.7,Illustrate basics of relational algebra
Basic 6,5: Programming and Databases,1: Introduction to Databases Algorithm and Programming,B6.5.1.1,Demonstrate how to manipulate data in Databases,B6.5.1.1.8,Operate basics SQL: querying and manipulating data
Basic 6,5: Programming and Databases,1: Introduction to Databases Algorithm and Programming,B6.5.1.1,Demonstrate how to manipulate data in Databases,B6.5.1.1.9,Operate basics SQL: querying and manipulating data
Basic 6,5: Programming and Databases,2: Introduction to Electronic Spreadsheet,B6.5.3.1,Demonstrate how to use Spreadsheet,B6.5.3.1.1,Demonstrate how to use the ribbons under the home ribbons
Basic 6,5: Programming and Databases,2: Introduction to Electronic Spreadsheet,B6.5.3.1,Demonstrate how to use Spreadsheet,B6.5.3.1.2,Learners to create basic worksheets using Microsoft Excel 2016
Basic 6,5: Programming and Databases,2: Introduction to Electronic Spreadsheet,B6.5.3.1,Demonstrate how to use Spreadsheet,B6.5.3.1.3,Perform calculations in an MS-Excel worksheet
Basic 6,5: Programming and Databases,2: Introduction to Electronic Spreadsheet,B6.5.3.1,Demonstrate how to use Spreadsheet,B6.5.3.1.4,Modify an MS-Excel worksheet
Basic 6,5: Programming and Databases,2: Introduction to Electronic Spreadsheet,B6.5.3.1,Demonstrate how to use Spreadsheet,B6.5.3.1.5,Modify the appearance of data within a worksheet
Basic 6,5: Programming and Databases,2: Introduction to Electronic Spreadsheet,B6.5.3.1,Demonstrate how to use Spreadsheet,B6.5.3.1.6,Manage Excel workbooks
Basic 6,5: Programming and Databases,2: Introduction to Electronic Spreadsheet,B6.5.3.1,Demonstrate how to use Spreadsheet,B6.5.3.1.7,Print the content of an MS-Excel worksheet
Basic 6,6: Internet and Social Media,1: Network Overview,B6.6.1.1,Demonstrate how to Network computers,B6.6.1.1.1,Give examples of facilities the internet offers
Basic 6,6: Internet and Social Media,1: Network Overview,B6.6.1.1,Demonstrate how to Network computers,B6.6.1.1.2,Describe the types of information available on the Internet
Basic 6,6: Internet and Social Media,1: Network Overview,B6.6.1.1,Demonstrate how to Network computers,B6.6.1.1.3,Identify data duplication
Basic 6,6: Internet and Social Media,1: Network Overview,B6.6.1.1,Demonstrate how to Network computers,B6.6.1.1.4,Outline what one needs to connect to the Internet
Basic 6,6: Internet and Social Media,2: Web Browsers and Web Pages,B6.6.2.1,Demonstrate the use of a Web Browser,B6.6.2.1.1,Identify the address or links window
Basic 6,6: Internet and Social Media,2: Web Browsers and Web Pages,B6.6.2.1,Demonstrate the use of a Web Browser,B6.6.2.1.2,Recognise the status bar and list its use
Basic 6,6: Internet and Social Media,2: Web Browsers and Web Pages,B6.6.2.1,Demonstrate the use of a Web Browser,B6.6.2.1.3,Illustrate using help button
Basic 6,6: Internet and Social Media,2: Web Browsers and Web Pages,B6.6.2.1,Demonstrate the use of a Web Browser,B6.6.2.1.4,Recognise internet explorer speed keys
Basic 6,6: Internet and Social Media,2: Web Browsers and Web Pages,B6.6.2.1,Demonstrate the use of a Web Browser,B6.6.2.1.5,Recognise Uniform Resource Locators (URLs)
Basic 6,6: Internet and Social Media,2: Web Browsers and Web Pages,B6.6.2.1,Demonstrate the use of a Web Browser,B6.6.2.1.6,Demonstrate how to return to a URL
Basic 6,6: Internet and Social Media,2: Web Browsers and Web Pages,B6.6.2.1,Demonstrate the use of a Web Browser,B6.6.2.1.7,Show how to find items on a page
Basic 6,6: Internet and Social Media,3: Surfing the World Wide Web,B6.6.3.1,Demonstrate Surfing The World Wide Web,B6.6.3.1.1,Recognize resource locators (URLs)
Basic 6,6: Internet and Social Media,3: Surfing the World Wide Web,B6.6.3.1,Demonstrate Surfing The World Wide Web,B6.6.3.1.2,Illustrate how to jump directory to URLs
Basic 6,6: Internet and Social Media,3: Surfing the World Wide Web,B6.6.3.1,Demonstrate Surfing The World Wide Web,B6.6.3.1.3,Demonstrate how to return to a URL
Basic 6,6: Internet and Social Media,3: Surfing the World Wide Web,B6.6.3.1,Demonstrate Surfing The World Wide Web,B6.6.3.1.4,Show how to find items on a page
Basic 6,6: Internet and Social Media,3: Surfing the World Wide Web,B6.6.3.1,Demonstrate Surfing The World Wide Web,B6.6.3.1.5,Illustrate how to print pages
Basic 6,6: Internet and Social Media,4: Favourite Places and Search Engine,B6.6.4.1,Demonstrate searching for information on the Web,B6.6.4.1.1,Show how to create a favourite link
Basic 6,6: Internet and Social Media,4: Favourite Places and Search Engine,B6.6.4.1,Demonstrate searching for information on the Web,B6.6.4.1.2,Demonstrate deleting favourite links
Basic 6,6: Internet and Social Media,4: Favourite Places and Search Engine,B6.6.4.1,Demonstrate searching for information on the Web,B6.6.4.1.3,Create favourite folder
Basic 6,6: Internet and Social Media,4: Favourite Places and Search Engine,B6.6.4.1,Demonstrate searching for information on the Web,B6.6.4.1.4,Use the links toolbar and Favourite Places
Basic 6,6: Internet and Social Media,5: Using Online Forms,B6.6.5.1,Demonstrate the Usage of Forms,B6.6.5.1.1,Demonstrate the types and uses of form elements
Basic 6,6: Internet and Social Media,5: Using Online Forms,B6.6.5.1,Demonstrate the Usage of Forms,B6.6.5.1.2,Demonstrate the filing of forms offline
Basic 6,6: Internet and Social Media,5: Using Online Forms,B6.6.5.1,Demonstrate the Usage of Forms,B6.6.5.1.3,Demonstrate uploading of files
Basic 6,6: Internet and Social Media,5: Using Online Forms,B6.6.5.1,Demonstrate the Usage of Forms,B6.6.5.1.4,"Illustrate retrieving text, pictures, sounds and programs"
Basic 6,6: Internet and Social Media,5: Using Online Forms,B6.6.5.1,Demonstrate the Usage of Forms,B6.6.5.1.5,Discuss more about security on the form submission
Basic 6,6: Internet and Social Media,6: Customizing Your Browser,B6.6.6.1,Show how to Customize a Browser,B6.6.6.1.1,Identify reasons for customising a web browser
Basic 6,6: Internet and Social Media,6: Customizing Your Browser,B6.6.6.1,Show how to Customize a Browser,B6.6.6.1.2,Illustrate how to set themes
Basic 6,6: Internet and Social Media,6: Customizing Your Browser,B6.6.6.1,Show how to Customize a Browser,B6.6.6.1.3,Show how to customise the toolbar
Basic 6,6: Internet and Social Media,6: Customizing Your Browser,B6.6.6.1,Show how to Customize a Browser,B6.6.6.1.4,Set bookmarks
Basic 6,6: Internet and Social Media,6: Customizing Your Browser,B6.6.6.1,Show how to Customize a Browser,B6.6.6.1.5,Show how to set cookies
Basic 6,6: Internet and Social Media,7: Electronic Email,B6.6.7.1,Demonstrate the use of Electronic Mail,B6.6.7.1.1,Show how to create and access e-mail messages
Basic 6,6: Internet and Social Media,7: Electronic Email,B6.6.7.1,Demonstrate the use of Electronic Mail,B6.6.7.1.2,Illustrate how to reply to and forward received messages
Basic 6,6: Internet and Social Media,7: Electronic Email,B6.6.7.1,Demonstrate the use of Electronic Mail,B6.6.7.1.3,Demonstrate how to delete messages
Basic 6,6: Internet and Social Media,7: Electronic Email,B6.6.7.1,Demonstrate the use of Electronic Mail,B6.6.7.1.4,Illustrate filing of e-mail messages
Basic 6,6: Internet and Social Media,7: Electronic Email,B6.6.7.1,Demonstrate the use of Electronic Mail,B6.6.7.1.5,Create address list
Basic 6,6: Internet and Social Media,7: Electronic Email,B6.6.7.1,Demonstrate the use of Electronic Mail,B6.6.7.1.6,Demonstrate attaching files to e-mail messages
Basic 6,6: Internet and Social Media,7: Electronic Email,B6.6.7.1,Demonstrate the use of Electronic Mail,B6.6.7.1.7,Demonstrate some e-mail tips
Basic 6,6: Internet and Social Media,8: Internet of Things (IoT),B6.6.8.1,Demonstrate the use of Internet of Things (IoT),B6.6.8.1.1,Describe other hardware used in IoT Internet of Things
Basic 6,6: Internet and Social Media,8: Internet of Things (IoT),B6.6.8.1,Demonstrate the use of Internet of Things (IoT),B6.6.8.1.2,Give more examples of internet of things with a consumer part and an industrial/business segment
Basic 6,6: Internet and Social Media,8: Internet of Things (IoT),B6.6.8.1,Demonstrate the use of Internet of Things (IoT),B6.6.8.1.3,Mention at least five more terms and acronyms of IoT
Basic 6,6: Internet and Social Media,9: Digital Literacy,B6.6.9.1,Demonstrate proficiency in Digital Literacy,B6.6.9.1.1,Demonstrate how to handle private and personal information
Basic 6,6: Internet and Social Media,9: Digital Literacy,B6.6.9.1,Demonstrate proficiency in Digital Literacy,B6.6.9.1.2,Devise various techniques on how to protect oneself from online identity theft
Basic 6,6: Internet and Social Media,9: Digital Literacy,B6.6.9.1,Demonstrate proficiency in Digital Literacy,B6.6.9.1.3,Debate a spam and solicited messages
Basic 6,6: Internet and Social Media,9: Digital Literacy,B6.6.9.1,Demonstrate proficiency in Digital Literacy,B6.6.9.1.4,Differentiate between virtual friends and real friends
Basic 6,6: Internet and Social Media,10: Internet Etiquette,B6.6.10.1,Demonstrate the application of Internet Etiquette,B6.6.10.1.1,Explain Internet etiquette and how to deal with it
Basic 6,6: Internet and Social Media,10: Internet Etiquette,B6.6.10.1,Demonstrate the application of Internet Etiquette,B6.6.10.1.2,Investigate on the responsible use of computers
Basic 6,7: Health and Safety in Using ICT Tools,1: Health and Safety in Using ICT Tools,B6.7.1.1,Demonstrate how to apply Health and Safety measures in Using ICT Tools,B6.7.1.1.1,Identify five (5) major health hazards associated with the use of ICT tools
Basic 6,7: Health and Safety in Using ICT Tools,1: Health and Safety in Using ICT Tools,B6.7.1.1,Demonstrate how to apply Health and Safety measures in Using ICT Tools,B6.7.1.1.2,Demonstrate solutions for the health related problems in ICT